ENTIDAD,Nivel_Agrupado,CAMPO AMPLIO,Matrícula Total,Participacion_Matricula
Aguascalientes,Doctorado,EDUCACIÓN,2284,86.351606805293
Aguascalientes,Doctorado,CIENCIAS SOCIALES Y DERECHO,100,3.780718336483932
Aguascalientes,Doctorado,"INGENIERÍA, MANUFACTURA Y CONSTRUCCIÓN",69,2.608695652173913
Aguascalientes,Licenciatura,ADMINISTRACIÓN Y NEGOCIOS,13381,22.716623658834713
Aguascalientes,Licenciatura,"INGENIERÍA, MANUFACTURA Y CONSTRUCCIÓN",12647,21.470528317261987
Aguascalientes,Licenciatura,CIENCIAS DE LA SALUD,8664,14.708678527774005
Aguascalientes,Maestría,ADMINISTRACIÓN Y NEGOCIOS,988,31.23616819475182
Aguascalientes,Maestría,EDUCACIÓN,985,31.141321530192855
Aguascalientes,Maestría,CIENCIAS SOCIALES Y DERECHO,669,21.150806196648748
Aguascalientes,Técnico Superior,ADMINISTRACIÓN Y NEGOCIOS,2558,34.88340379108141
Aguascalientes,Técnico Superior,"INGENIERÍA, MANUFACTURA Y CONSTRUCCIÓN",2369,32.30601390972317
Aguascalientes,Técnico Superior,TECNOLOGÍAS DE LA INFORMACIÓN Y LA COMUNICACIÓN,1087,14.823401063684713
Baja California,Doctorado,EDUCACIÓN,424,26.368159203980102
Baja California,Doctorado,CIENCIAS SOCIALES Y DERECHO,285,17.723880597014926
Baja California,Doctorado,"CIENCIAS NATURALES, MATEMÁTICAS Y ESTADÍSTICA",276,17.16417910447761
Baja California,Licenciatura,"INGENIERÍA, MANUFACTURA Y CONSTRUCCIÓN",33458,23.537108688005627
Baja California,Licenciatura,ADMINISTRACIÓN Y NEGOCIOS,28321,19.92332043615899
Baja California,Licenciatura,CIENCIAS SOCIALES Y DERECHO,24896,17.5138937741822
Baja California,Maestría,CIENCIAS SOCIALES Y DERECHO,1580,26.925698704839807
Baja California,Maestría,ADMINISTRACIÓN Y NEGOCIOS,1396,23.790047716428084
Baja California,Maestría,EDUCACIÓN,1228,20.92706203135651
Baja California,Técnico Superior,"INGENIERÍA, MANUFACTURA Y CONSTRUCCIÓN",1758,39.809782608695656
Baja California,Técnico Superior,ADMINISTRACIÓN Y NEGOCIOS,1688,38.224637681159415
Baja California,Técnico Superior,TECNOLOGÍAS DE LA INFORMACIÓN Y LA COMUNICACIÓN,480,10.869565217391305
Baja California Sur,Doctorado,"CIENCIAS NATURALES, MATEMÁTICAS Y ESTADÍSTICA",163,59.92647058823529
Baja California Sur,Doctorado,CIENCIAS SOCIALES Y DERECHO,54,19.852941176470587
Baja California Sur,Doctorado,EDUCACIÓN,26,9.558823529411764
Baja California Sur,Licenciatura,ADMINISTRACIÓN Y NEGOCIOS,6204,24.327503725198024
Baja California Sur,Licenciatura,"INGENIERÍA, MANUFACTURA Y CONSTRUCCIÓN",4455,17.469218100541134
Baja California Sur,Licenciatura,CIENCIAS SOCIALES Y DERECHO,4387,17.20257234726688
Baja California Sur,Maestría,EDUCACIÓN,303,36.951219512195124
Baja California Sur,Maestría,ADMINISTRACIÓN Y NEGOCIOS,134,16.34146341463415
Baja California Sur,Maestría,CIENCIAS SOCIALES Y DERECHO,133,16.21951219512195
Baja California Sur,Técnico Superior,SERVICIOS,471,71.36363636363636
Baja California Sur,Técnico Superior,"INGENIERÍA, MANUFACTURA Y CONSTRUCCIÓN",128,19.393939393939394
Baja California Sur,Técnico Superior,ADMINISTRACIÓN Y NEGOCIOS,61,9.242424242424242
Campeche,Doctorado,EDUCACIÓN,851,32.3820395738204
Campeche,Doctorado,ADMINISTRACIÓN Y NEGOCIOS,801,30.47945205479452
Campeche,Doctorado,CIENCIAS SOCIALES Y DERECHO,543,20.662100456621005
Campeche,Licenciatura,ADMINISTRACIÓN Y NEGOCIOS,6767,19.75535703859403
Campeche,Licenciatura,"INGENIERÍA, MANUFACTURA Y CONSTRUCCIÓN",6166,18.00081742278274
Campeche,Licenciatura,CIENCIAS DE LA SALUD,6146,17.942430081158406
Campeche,Maestría,ADMINISTRACIÓN Y NEGOCIOS,3178,25.50561797752809
Campeche,Maestría,EDUCACIÓN,2744,22.02247191011236
Campeche,Maestría,CIENCIAS SOCIALES Y DERECHO,2721,21.837881219903693
Campeche,Técnico Superior,"INGENIERÍA, MANUFACTURA Y CONSTRUCCIÓN",771,44.799535153980244
Campeche,Técnico Superior,ADMINISTRACIÓN Y NEGOCIOS,413,23.99767576990122
Campeche,Técnico Superior,SERVICIOS,194,11.272515979081929
Chiapas,Doctorado,EDUCACIÓN,2789,64.72499419818983
Chiapas,Doctorado,ADMINISTRACIÓN Y NEGOCIOS,602,13.970758876769551
Chiapas,Doctorado,CIENCIAS SOCIALES Y DERECHO,564,13.088883731724298
Chiapas,Licenciatura,ADMINISTRACIÓN Y NEGOCIOS,18705,17.970198580061293
Chiapas,Licenciatura,CIENCIAS SOCIALES Y DERECHO,18066,17.356300857919667
Chiapas,Licenciatura,"INGENIERÍA, MANUFACTURA Y CONSTRUCCIÓN",16705,16.048765959899704
Chiapas,Maestría,EDUCACIÓN,6136,53.8860103626943
Chiapas,Maestría,CIENCIAS SOCIALES Y DERECHO,2158,18.951435847896725
Chiapas,Maestría,ADMINISTRACIÓN Y NEGOCIOS,1857,16.308070606832352
Chiapas,Técnico Superior,"INGENIERÍA, MANUFACTURA Y CONSTRUCCIÓN",1141,29.7911227154047
Chiapas,Técnico Superior,SERVICIOS,708,18.485639686684074
Chiapas,Técnico Superior,ADMINISTRACIÓN Y NEGOCIOS,605,15.796344647519584
Chihuahua,Doctorado,EDUCACIÓN,232,29.329962073324907
Chihuahua,Doctorado,"INGENIERÍA, MANUFACTURA Y CONSTRUCCIÓN",129,16.308470290771176
Chihuahua,Doctorado,"CIENCIAS NATURALES, MATEMÁTICAS Y ESTADÍSTICA",119,15.04424778761062
Chihuahua,Licenciatura,"INGENIERÍA, MANUFACTURA Y CONSTRUCCIÓN",31159,24.519200503619768
Chihuahua,Licenciatura,ADMINISTRACIÓN Y NEGOCIOS,28405,22.352061693421465
Chihuahua,Licenciatura,CIENCIAS SOCIALES Y DERECHO,21137,16.63282971356626
Chihuahua,Maestría,EDUCACIÓN,1865,32.33356449375867
Chihuahua,Maestría,ADMINISTRACIÓN Y NEGOCIOS,1680,29.126213592233007
Chihuahua,Maestría,CIENCIAS SOCIALES Y DERECHO,1249,21.65395284327323
Chihuahua,Técnico Superior,"INGENIERÍA, MANUFACTURA Y CONSTRUCCIÓN",5649,45.22456168441278
Chihuahua,Técnico Superior,ADMINISTRACIÓN Y NEGOCIOS,4183,33.48811144023697
Chihuahua,Técnico Superior,TECNOLOGÍAS DE LA INFORMACIÓN Y LA COMUNICACIÓN,1089,8.71827715955488
Ciudad de México,Doctorado,CIENCIAS SOCIALES Y DERECHO,3321,24.876404494382022
Ciudad de México,Doctorado,"CIENCIAS NATURALES, MATEMÁTICAS Y ESTADÍSTICA",2420,18.127340823970037
Ciudad de México,Doctorado,EDUCACIÓN,1884,14.112359550561798
Ciudad de México,Licenciatura,CIENCIAS SOCIALES Y DERECHO,231578,24.68506496967371
Ciudad de México,Licenciatura,ADMINISTRACIÓN Y NEGOCIOS,216600,23.0884845383902
Ciudad de México,Licenciatura,"INGENIERÍA, MANUFACTURA Y CONSTRUCCIÓN",133626,14.24386812062294
Ciudad de México,Maestría,ADMINISTRACIÓN Y NEGOCIOS,35814,42.57033840887209
Ciudad de México,Maestría,CIENCIAS SOCIALES Y DERECHO,17508,20.81089755019078
Ciudad de México,Maestría,EDUCACIÓN,12246,14.556217237813357
Ciudad de México,Técnico Superior,CIENCIAS DE LA SALUD,1481,33.605627410937146
Ciudad de México,Técnico Superior,ADMINISTRACIÓN Y NEGOCIOS,1115,25.300658044020874
Ciudad de México,Técnico Superior,TECNOLOGÍAS DE LA INFORMACIÓN Y LA COMUNICACIÓN,673,15.27115951894713
Coahuila,Doctorado,EDUCACIÓN,704,53.051996985681996
Coahuila,Doctorado,"INGENIERÍA, MANUFACTURA Y CONSTRUCCIÓN",191,14.393368500376791
Coahuila,Doctorado,CIENCIAS SOCIALES Y DERECHO,145,10.92690278824416
Coahuila,Licenciatura,"INGENIERÍA, MANUFACTURA Y CONSTRUCCIÓN",37360,28.723216139126155
Coahuila,Licenciatura,ADMINISTRACIÓN Y NEGOCIOS,33367,25.65330709085178
Coahuila,Licenciatura,CIENCIAS SOCIALES Y DERECHO,19545,15.026639706617257
Coahuila,Maestría,EDUCACIÓN,2106,33.52969272408852
Coahuila,Maestría,ADMINISTRACIÓN Y NEGOCIOS,1872,29.80417131030091
Coahuila,Maestría,CIENCIAS SOCIALES Y DERECHO,930,14.806559465053335
Coahuila,Técnico Superior,"INGENIERÍA, MANUFACTURA Y CONSTRUCCIÓN",6375,65.83023543990086
Coahuila,Técnico Superior,ADMINISTRACIÓN Y NEGOCIOS,2175,22.459727385377942
Coahuila,Técnico Superior,TECNOLOGÍAS DE LA INFORMACIÓN Y LA COMUNICACIÓN,678,7.001239157372987
Colima,Doctorado,EDUCACIÓN,187,50.26881720430107
Colima,Doctorado,ADMINISTRACIÓN Y NEGOCIOS,47,12.634408602150538
Colima,Doctorado,CIENCIAS SOCIALES Y DERECHO,47,12.634408602150538
Colima,Licenciatura,ADMINISTRACIÓN Y NEGOCIOS,7107,26.593077642656688
Colima,Licenciatura,CIENCIAS SOCIALES Y DERECHO,4238,15.857811038353601
Colima,Licenciatura,"INGENIERÍA, MANUFACTURA Y CONSTRUCCIÓN",4054,15.169317118802619
Colima,Maestría,EDUCACIÓN,846,49.82332155477032
Colima,Maestría,ADMINISTRACIÓN Y NEGOCIOS,327,19.257950530035338
Colima,Maestría,CIENCIAS SOCIALES Y DERECHO,255,15.01766784452297
Colima,Técnico Superior,ADMINISTRACIÓN Y NEGOCIOS,359,48.57916102841678
Colima,Técnico Superior,"INGENIERÍA, MANUFACTURA Y CONSTRUCCIÓN",163,22.056833558863328
Colima,Técnico Superior,SERVICIOS,131,17.726657645466847
Durango,Doctorado,EDUCACIÓN,979,77.94585987261146
Durango,Doctorado,"CIENCIAS NATURALES, MATEMÁTICAS Y ESTADÍSTICA",83,6.60828025477707
Durango,Doctorado,CIENCIAS SOCIALES Y DERECHO,76,6.050955414012739
Durango,Licenciatura,"INGENIERÍA, MANUFACTURA Y CONSTRUCCIÓN",11587,20.942001482043775
Durango,Licenciatura,CIENCIAS DE LA SALUD,10246,18.518317699578883
Durango,Licenciatura,CIENCIAS SOCIALES Y DERECHO,8936,16.15066240127239
Durango,Maestría,EDUCACIÓN,2654,53.44341522351993
Durango,Maestría,ADMINISTRACIÓN Y NEGOCIOS,724,14.579138139347563
Durango,Maestría,CIENCIAS SOCIALES Y DERECHO,574,11.558598469593234
Durango,Técnico Superior,ADMINISTRACIÓN Y NEGOCIOS,1768,41.85606060606061
Durango,Técnico Superior,"INGENIERÍA, MANUFACTURA Y CONSTRUCCIÓN",1124,26.609848484848484
Durango,Técnico Superior,TECNOLOGÍAS DE LA INFORMACIÓN Y LA COMUNICACIÓN,698,16.52462121212121
Guanajuato,Doctorado,EDUCACIÓN,1199,52.51861585632939
Guanajuato,Doctorado,"CIENCIAS NATURALES, MATEMÁTICAS Y ESTADÍSTICA",342,14.98028909329829
Guanajuato,Doctorado,"INGENIERÍA, MANUFACTURA Y CONSTRUCCIÓN",206,9.023215067893123
Guanajuato,Licenciatura,"INGENIERÍA, MANUFACTURA Y CONSTRUCCIÓN",49979,24.36122403220932
Guanajuato,Licenciatura,ADMINISTRACIÓN Y NEGOCIOS,46438,22.635237231792082
Guanajuato,Licenciatura,CIENCIAS SOCIALES Y DERECHO,32971,16.071028183156397
Guanajuato,Maestría,EDUCACIÓN,3505,34.66178797468354
Guanajuato,Maestría,ADMINISTRACIÓN Y NEGOCIOS,3231,31.952136075949365
Guanajuato,Maestría,CIENCIAS SOCIALES Y DERECHO,1792,17.72151898734177
Guanajuato,Técnico Superior,"INGENIERÍA, MANUFACTURA Y CONSTRUCCIÓN",4417,37.05847806023995
Guanajuato,Técnico Superior,ADMINISTRACIÓN Y NEGOCIOS,3158,26.495511368403392
Guanajuato,Técnico Superior,SERVICIOS,1731,14.523030455575132
Guerrero,Doctorado,EDUCACIÓN,564,57.965056526207604
Guerrero,Doctorado,CIENCIAS SOCIALES Y DERECHO,159,16.34121274409044
Guerrero,Doctorado,"CIENCIAS NATURALES, MATEMÁTICAS Y ESTADÍSTICA",110,11.30524152106886
Guerrero,Licenciatura,CIENCIAS DE LA SALUD,15388,20.46303807231479
Guerrero,Licenciatura,CIENCIAS SOCIALES Y DERECHO,13724,18.250242689397467
Guerrero,Licenciatura,ADMINISTRACIÓN Y NEGOCIOS,13666,18.173114004175588
Guerrero,Maestría,EDUCACIÓN,1700,45.4181138124499
Guerrero,Maestría,CIENCIAS SOCIALES Y DERECHO,932,24.899812984237244
Guerrero,Maestría,ADMINISTRACIÓN Y NEGOCIOS,592,15.816190221747261
Guerrero,Técnico Superior,"INGENIERÍA, MANUFACTURA Y CONSTRUCCIÓN",1125,28.437815975733066
Guerrero,Técnico Superior,ADMINISTRACIÓN Y NEGOCIOS,988,24.974721941354904
Guerrero,Técnico Superior,SERVICIOS,946,23.91304347826087
Hidalgo,Doctorado,EDUCACIÓN,469,49.629629629629626
Hidalgo,Doctorado,"CIENCIAS NATURALES, MATEMÁTICAS Y ESTADÍSTICA",131,13.862433862433862
Hidalgo,Doctorado,CIENCIAS SOCIALES Y DERECHO,116,12.275132275132275
Hidalgo,Licenciatura,"INGENIERÍA, MANUFACTURA Y CONSTRUCCIÓN",21327,21.392246351371682
Hidalgo,Licenciatura,ADMINISTRACIÓN Y NEGOCIOS,17468,17.52144039319926
Hidalgo,Licenciatura,CIENCIAS DE LA SALUD,15988,16.036912583379305
Hidalgo,Maestría,EDUCACIÓN,2111,50.769600769600764
Hidalgo,Maestría,CIENCIAS SOCIALES Y DERECHO,878,21.115921115921115
Hidalgo,Maestría,ADMINISTRACIÓN Y NEGOCIOS,534,12.842712842712842
Hidalgo,Técnico Superior,"INGENIERÍA, MANUFACTURA Y CONSTRUCCIÓN",5334,35.9385527556933
Hidalgo,Técnico Superior,ADMINISTRACIÓN Y NEGOCIOS,4491,30.258725239186095
Hidalgo,Técnico Superior,SERVICIOS,1767,11.905403584422585
Jalisco,Doctorado,EDUCACIÓN,1650,43.489720611491826
Jalisco,Doctorado,CIENCIAS SOCIALES Y DERECHO,640,16.86874011597259
Jalisco,Doctorado,"CIENCIAS NATURALES, MATEMÁTICAS Y ESTADÍSTICA",373,9.831312598840274
Jalisco,Licenciatura,ADMINISTRACIÓN Y NEGOCIOS,64149,22.13255589290643
Jalisco,Licenciatura,CIENCIAS DE LA SALUD,55275,19.07086668506762
Jalisco,Licenciatura,CIENCIAS SOCIALES Y DERECHO,45416,15.669334805409882
Jalisco,Maestría,EDUCACIÓN,4659,29.329556185080264
Jalisco,Maestría,ADMINISTRACIÓN Y NEGOCIOS,4308,27.119924457034937
Jalisco,Maestría,CIENCIAS SOCIALES Y DERECHO,3677,23.14762354422411
Jalisco,Técnico Superior,"INGENIERÍA, MANUFACTURA Y CONSTRUCCIÓN",1963,34.038494884688745
Jalisco,Técnico Superior,CIENCIAS DE LA SALUD,1876,32.52991156580545
Jalisco,Técnico Superior,ADMINISTRACIÓN Y NEGOCIOS,671,11.635165597364313
Michoacán,Doctorado,CIENCIAS DE LA SALUD,590,22.788721514098107
Michoacán,Doctorado,EDUCACIÓN,468,18.076477404403242
Michoacán,Doctorado,CIENCIAS SOCIALES Y DERECHO,448,17.303978370027036
Michoacán,Licenciatura,"INGENIERÍA, MANUFACTURA Y CONSTRUCCIÓN",22271,17.701246264386086
Michoacán,Licenciatura,ADMINISTRACIÓN Y NEGOCIOS,21097,16.76813759776181
Michoacán,Licenciatura,CIENCIAS DE LA SALUD,19272,15.31760666369937
Michoacán,Maestría,CIENCIAS SOCIALES Y DERECHO,1904,25.961276247613853
Michoacán,Maestría,EDUCACIÓN,1563,21.31169893646032
Michoacán,Maestría,ADMINISTRACIÓN Y NEGOCIOS,1162,15.844014180529042
Michoacán,Técnico Superior,SERVICIOS,883,41.14631873252563
Michoacán,Técnico Superior,"INGENIERÍA, MANUFACTURA Y CONSTRUCCIÓN",357,16.635601118359737
Michoacán,Técnico Superior,ADMINISTRACIÓN Y NEGOCIOS,231,10.764212488350418
Morelos,Doctorado,EDUCACIÓN,1187,33.75995449374289
Morelos,Doctorado,ADMINISTRACIÓN Y NEGOCIOS,745,21.188850967007962
Morelos,Doctorado,CIENCIAS SOCIALES Y DERECHO,696,19.795221843003414
Morelos,Licenciatura,CIENCIAS SOCIALES Y DERECHO,13892,20.477896195403826
Morelos,Licenciatura,"INGENIERÍA, MANUFACTURA Y CONSTRUCCIÓN",12971,19.120270051150516
Morelos,Licenciatura,ADMINISTRACIÓN Y NEGOCIOS,11889,17.525317295361077
Morelos,Maestría,EDUCACIÓN,1681,29.522304179838425
Morelos,Maestría,CIENCIAS SOCIALES Y DERECHO,1464,25.71127502634352
Morelos,Maestría,ADMINISTRACIÓN Y NEGOCIOS,1325,23.27010888654724
Morelos,Técnico Superior,ADMINISTRACIÓN Y NEGOCIOS,928,25.806451612903224
Morelos,Técnico Superior,"INGENIERÍA, MANUFACTURA Y CONSTRUCCIÓN",860,23.915461624026698
Morelos,Técnico Superior,TECNOLOGÍAS DE LA INFORMACIÓN Y LA COMUNICACIÓN,665,18.492769744160178
México,Doctorado,EDUCACIÓN,3887,56.40690756058627
México,Doctorado,CIENCIAS SOCIALES Y DERECHO,986,14.308518357277608
México,Doctorado,ADMINISTRACIÓN Y NEGOCIOS,660,9.57771005659556
México,Licenciatura,CIENCIAS SOCIALES Y DERECHO,124425,22.810603699561845
México,Licenciatura,ADMINISTRACIÓN Y NEGOCIOS,100507,18.425761270097347
México,Licenciatura,"INGENIERÍA, MANUFACTURA Y CONSTRUCCIÓN",84164,15.429629493831007
México,Maestría,ADMINISTRACIÓN Y NEGOCIOS,9403,36.21971418666462
México,Maestría,EDUCACIÓN,7887,30.380185663110048
México,Maestría,CIENCIAS SOCIALES Y DERECHO,5599,21.566965833365433
México,Técnico Superior,ADMINISTRACIÓN Y NEGOCIOS,6544,33.560695420277966
México,Técnico Superior,"INGENIERÍA, MANUFACTURA Y CONSTRUCCIÓN",5611,28.7758346581876
México,Técnico Superior,TECNOLOGÍAS DE LA INFORMACIÓN Y LA COMUNICACIÓN,3721,19.08302989896918
Nayarit,Doctorado,EDUCACIÓN,695,65.9392789373814
Nayarit,Doctorado,CIENCIAS SOCIALES Y DERECHO,290,27.514231499051235
Nayarit,Doctorado,AGRONOMÍA Y VETERINARIA,28,2.6565464895635675
Nayarit,Licenciatura,CIENCIAS DE LA SALUD,11035,25.850961651088156
Nayarit,Licenciatura,ADMINISTRACIÓN Y NEGOCIOS,7738,18.12729870920889
Nayarit,Licenciatura,CIENCIAS SOCIALES Y DERECHO,7124,16.68892168575913
Nayarit,Maestría,EDUCACIÓN,1090,54.4727636181909
Nayarit,Maestría,CIENCIAS SOCIALES Y DERECHO,608,30.384807596201902
Nayarit,Maestría,ARTES Y HUMANIDADES,74,3.6981509245377313
Nayarit,Técnico Superior,SERVICIOS,1734,40.260041792430926
Nayarit,Técnico Superior,ADMINISTRACIÓN Y NEGOCIOS,1012,23.496633387508705
Nayarit,Técnico Superior,"INGENIERÍA, MANUFACTURA Y CONSTRUCCIÓN",738,17.134896679823544
Nuevo León,Doctorado,EDUCACIÓN,988,33.41224213730132
Nuevo León,Doctorado,CIENCIAS SOCIALES Y DERECHO,451,15.251944538383496
Nuevo León,Doctorado,"CIENCIAS NATURALES, MATEMÁTICAS Y ESTADÍSTICA",343,11.59959418329388
Nuevo León,Licenciatura,ADMINISTRACIÓN Y NEGOCIOS,80506,28.45891439984446
Nuevo León,Licenciatura,"INGENIERÍA, MANUFACTURA Y CONSTRUCCIÓN",52484,18.5531222935115
Nuevo León,Licenciatura,CIENCIAS SOCIALES Y DERECHO,51399,18.169574208600668
Nuevo León,Maestría,ADMINISTRACIÓN Y NEGOCIOS,14909,56.251886507696945
Nuevo León,Maestría,EDUCACIÓN,4970,18.751886507696952
Nuevo León,Maestría,CIENCIAS SOCIALES Y DERECHO,3197,12.062330214307275
Nuevo León,Técnico Superior,"INGENIERÍA, MANUFACTURA Y CONSTRUCCIÓN",4195,48.99556178462976
Nuevo León,Técnico Superior,ADMINISTRACIÓN Y NEGOCIOS,2210,25.811726232188743
Nuevo León,Técnico Superior,TECNOLOGÍAS DE LA INFORMACIÓN Y LA COMUNICACIÓN,1159,13.536556879233824
Oaxaca,Doctorado,EDUCACIÓN,239,39.96655518394649
Oaxaca,Doctorado,"CIENCIAS NATURALES, MATEMÁTICAS Y ESTADÍSTICA",119,19.899665551839465
Oaxaca,Doctorado,ADMINISTRACIÓN Y NEGOCIOS,107,17.892976588628763
Oaxaca,Licenciatura,CIENCIAS DE LA SALUD,17042,19.73115976427273
Oaxaca,Licenciatura,"INGENIERÍA, MANUFACTURA Y CONSTRUCCIÓN",16010,18.536314272151532
Oaxaca,Licenciatura,ADMINISTRACIÓN Y NEGOCIOS,15309,17.724699262483938
Oaxaca,Maestría,EDUCACIÓN,1153,34.907659703300034
Oaxaca,Maestría,ADMINISTRACIÓN Y NEGOCIOS,549,16.62125340599455
Oaxaca,Maestría,CIENCIAS SOCIALES Y DERECHO,529,16.015743263699665
Oaxaca,Técnico Superior,SERVICIOS,426,33.33333333333333
Oaxaca,Técnico Superior,"INGENIERÍA, MANUFACTURA Y CONSTRUCCIÓN",314,24.56964006259781
Oaxaca,Técnico Superior,ADMINISTRACIÓN Y NEGOCIOS,265,20.73552425665102
Puebla,Doctorado,EDUCACIÓN,1106,31.572937482158146
Puebla,Doctorado,ADMINISTRACIÓN Y NEGOCIOS,787,22.466457322295174
Puebla,Doctorado,CIENCIAS SOCIALES Y DERECHO,681,19.44047958892378
Puebla,Licenciatura,ADMINISTRACIÓN Y NEGOCIOS,56692,18.08299575771108
Puebla,Licenciatura,"INGENIERÍA, MANUFACTURA Y CONSTRUCCIÓN",53530,17.074415489139103
Puebla,Licenciatura,CIENCIAS DE LA SALUD,51894,16.55258205479889
Puebla,Maestría,ADMINISTRACIÓN Y NEGOCIOS,11702,41.830205540661304
Puebla,Maestría,EDUCACIÓN,7392,26.423592493297587
Puebla,Maestría,CIENCIAS SOCIALES Y DERECHO,3724,13.31188561215371
Puebla,Técnico Superior,"INGENIERÍA, MANUFACTURA Y CONSTRUCCIÓN",6057,44.15366671526462
Puebla,Técnico Superior,ADMINISTRACIÓN Y NEGOCIOS,2883,21.01618311707246
Puebla,Técnico Superior,TECNOLOGÍAS DE LA INFORMACIÓN Y LA COMUNICACIÓN,1743,12.705933809593233
Querétaro,Doctorado,EDUCACIÓN,445,39.41541186891054
Querétaro,Doctorado,"INGENIERÍA, MANUFACTURA Y CONSTRUCCIÓN",213,18.86625332152347
Querétaro,Doctorado,CIENCIAS SOCIALES Y DERECHO,119,10.54030115146147
Querétaro,Licenciatura,ADMINISTRACIÓN Y NEGOCIOS,20418,22.346014096222035
Querétaro,Licenciatura,"INGENIERÍA, MANUFACTURA Y CONSTRUCCIÓN",20265,22.17856673816924
Querétaro,Licenciatura,CIENCIAS SOCIALES Y DERECHO,14359,15.714879831895987
Querétaro,Maestría,ADMINISTRACIÓN Y NEGOCIOS,1095,27.225261064147187
Querétaro,Maestría,CIENCIAS SOCIALES Y DERECHO,1003,24.93784186971656
Querétaro,Maestría,EDUCACIÓN,707,17.578319244157136
Querétaro,Técnico Superior,"INGENIERÍA, MANUFACTURA Y CONSTRUCCIÓN",5211,49.44022770398482
Querétaro,Técnico Superior,ADMINISTRACIÓN Y NEGOCIOS,2583,24.506641366223906
Querétaro,Técnico Superior,TECNOLOGÍAS DE LA INFORMACIÓN Y LA COMUNICACIÓN,1630,15.464895635673626
Quintana Roo,Doctorado,EDUCACIÓN,658,39.33054393305439
Quintana Roo,Doctorado,CIENCIAS SOCIALES Y DERECHO,508,30.364614465032876
Quintana Roo,Doctorado,ADMINISTRACIÓN Y NEGOCIOS,220,13.150029886431561
Quintana Roo,Licenciatura,ADMINISTRACIÓN Y NEGOCIOS,15754,32.23390759913246
Quintana Roo,Licenciatura,CIENCIAS SOCIALES Y DERECHO,8084,16.540491877071652
Quintana Roo,Licenciatura,"INGENIERÍA, MANUFACTURA Y CONSTRUCCIÓN",5983,12.241682694275074
Quintana Roo,Maestría,ADMINISTRACIÓN Y NEGOCIOS,663,28.297055057618437
Quintana Roo,Maestría,CIENCIAS SOCIALES Y DERECHO,641,27.358087921468204
Quintana Roo,Maestría,EDUCACIÓN,631,26.93128467776355
Quintana Roo,Técnico Superior,SERVICIOS,1887,41.309106830122595
Quintana Roo,Técnico Superior,ADMINISTRACIÓN Y NEGOCIOS,1255,27.473730297723293
Quintana Roo,Técnico Superior,TECNOLOGÍAS DE LA INFORMACIÓN Y LA COMUNICACIÓN,708,15.499124343257442
San Luis Potosí,Doctorado,EDUCACIÓN,998,61.11451316595223
San Luis Potosí,Doctorado,"CIENCIAS NATURALES, MATEMÁTICAS Y ESTADÍSTICA",294,18.00367421922841
San Luis Potosí,Doctorado,"INGENIERÍA, MANUFACTURA Y CONSTRUCCIÓN",127,7.777097366809553
San Luis Potosí,Licenciatura,"INGENIERÍA, MANUFACTURA Y CONSTRUCCIÓN",23736,27.796514896008993
San Luis Potosí,Licenciatura,ADMINISTRACIÓN Y NEGOCIOS,18711,21.911888701517707
San Luis Potosí,Licenciatura,CIENCIAS SOCIALES Y DERECHO,10914,12.781056773468242
San Luis Potosí,Maestría,EDUCACIÓN,872,32.48882265275708
San Luis Potosí,Maestría,ADMINISTRACIÓN Y NEGOCIOS,693,25.81967213114754
San Luis Potosí,Maestría,CIENCIAS SOCIALES Y DERECHO,395,14.716840536512668
San Luis Potosí,Técnico Superior,"INGENIERÍA, MANUFACTURA Y CONSTRUCCIÓN",1480,60.187067913786095
San Luis Potosí,Técnico Superior,ADMINISTRACIÓN Y NEGOCIOS,601,24.440829605530702
San Luis Potosí,Técnico Superior,SERVICIOS,159,6.4660431069540465
Sinaloa,Doctorado,EDUCACIÓN,1107,55.824508320726174
Sinaloa,Doctorado,CIENCIAS SOCIALES Y DERECHO,325,16.38930912758447
Sinaloa,Doctorado,"INGENIERÍA, MANUFACTURA Y CONSTRUCCIÓN",124,6.253151790216843
Sinaloa,Licenciatura,CIENCIAS DE LA SALUD,34445,21.392416855572463
Sinaloa,Licenciatura,ADMINISTRACIÓN Y NEGOCIOS,31871,19.793808030307737
Sinaloa,Licenciatura,CIENCIAS SOCIALES Y DERECHO,28178,17.500232897556128
Sinaloa,Maestría,EDUCACIÓN,2103,42.399193548387096
Sinaloa,Maestría,ADMINISTRACIÓN Y NEGOCIOS,1209,24.375
Sinaloa,Maestría,CIENCIAS SOCIALES Y DERECHO,775,15.625
Sinaloa,Técnico Superior,AGRONOMÍA Y VETERINARIA,580,25.812194036493104
Sinaloa,Técnico Superior,"INGENIERÍA, MANUFACTURA Y CONSTRUCCIÓN",476,21.18380062305296
Sinaloa,Técnico Superior,TECNOLOGÍAS DE LA INFORMACIÓN Y LA COMUNICACIÓN,344,15.309301290609703
Sonora,Doctorado,EDUCACIÓN,916,48.41437632135307
Sonora,Doctorado,CIENCIAS SOCIALES Y DERECHO,529,27.95983086680761
Sonora,Doctorado,"CIENCIAS NATURALES, MATEMÁTICAS Y ESTADÍSTICA",275,14.534883720930234
Sonora,Licenciatura,"INGENIERÍA, MANUFACTURA Y CONSTRUCCIÓN",30021,25.257233238825183
Sonora,Licenciatura,ADMINISTRACIÓN Y NEGOCIOS,24327,20.466763698774198
Sonora,Licenciatura,CIENCIAS DE LA SALUD,19049,16.02628280091872
Sonora,Maestría,EDUCACIÓN,2444,44.27536231884058
Sonora,Maestría,ADMINISTRACIÓN Y NEGOCIOS,1423,25.778985507246375
Sonora,Maestría,CIENCIAS SOCIALES Y DERECHO,717,12.98913043478261
Sonora,Técnico Superior,"INGENIERÍA, MANUFACTURA Y CONSTRUCCIÓN",3138,46.72424061941632
Sonora,Técnico Superior,ADMINISTRACIÓN Y NEGOCIOS,1608,23.94282310899345
Sonora,Técnico Superior,CIENCIAS DE LA SALUD,633,9.425253126861227
Tabasco,Doctorado,EDUCACIÓN,183,29.80456026058632
Tabasco,Doctorado,CIENCIAS SOCIALES Y DERECHO,134,21.824104234527688
Tabasco,Doctorado,ADMINISTRACIÓN Y NEGOCIOS,95,15.472312703583063
Tabasco,Licenciatura,"INGENIERÍA, MANUFACTURA Y CONSTRUCCIÓN",23806,24.241128252125655
Tabasco,Licenciatura,ADMINISTRACIÓN Y NEGOCIOS,17200,17.514383178045925
Tabasco,Licenciatura,CIENCIAS DE LA SALUD,16287,16.584695280281046
Tabasco,Maestría,EDUCACIÓN,1248,39.269981120201386
Tabasco,Maestría,CIENCIAS SOCIALES Y DERECHO,772,24.292007551919443
Tabasco,Maestría,ADMINISTRACIÓN Y NEGOCIOS,550,17.306482064191314
Tabasco,Técnico Superior,SERVICIOS,975,30.795957043588125
Tabasco,Técnico Superior,ADMINISTRACIÓN Y NEGOCIOS,703,22.20467466835123
Tabasco,Técnico Superior,"INGENIERÍA, MANUFACTURA Y CONSTRUCCIÓN",546,17.24573594440935
Tamaulipas,Doctorado,EDUCACIÓN,746,66.96588868940754
Tamaulipas,Doctorado,"INGENIERÍA, MANUFACTURA Y CONSTRUCCIÓN",87,7.809694793536805
Tamaulipas,Doctorado,CIENCIAS DE LA SALUD,64,5.745062836624776
Tamaulipas,Licenciatura,CIENCIAS DE LA SALUD,34923,25.032434718409302
Tamaulipas,Licenciatura,ADMINISTRACIÓN Y NEGOCIOS,30789,22.06922751610984
Tamaulipas,Licenciatura,"INGENIERÍA, MANUFACTURA Y CONSTRUCCIÓN",30358,21.76029130319473
Tamaulipas,Maestría,EDUCACIÓN,3268,52.735194448926904
Tamaulipas,Maestría,ADMINISTRACIÓN Y NEGOCIOS,1357,21.89769243182185
Tamaulipas,Maestría,CIENCIAS SOCIALES Y DERECHO,469,7.56817815071809
Tamaulipas,Técnico Superior,"INGENIERÍA, MANUFACTURA Y CONSTRUCCIÓN",4620,46.038863976083704
Tamaulipas,Técnico Superior,ADMINISTRACIÓN Y NEGOCIOS,3924,39.10313901345292
Tamaulipas,Técnico Superior,TECNOLOGÍAS DE LA INFORMACIÓN Y LA COMUNICACIÓN,780,7.772795216741405
Tlaxcala,Doctorado,CIENCIAS SOCIALES Y DERECHO,115,31.420765027322407
Tlaxcala,Doctorado,"CIENCIAS NATURALES, MATEMÁTICAS Y ESTADÍSTICA",97,26.50273224043716
Tlaxcala,Doctorado,EDUCACIÓN,74,20.21857923497268
Tlaxcala,Licenciatura,"INGENIERÍA, MANUFACTURA Y CONSTRUCCIÓN",9199,23.810016824123203
Tlaxcala,Licenciatura,CIENCIAS SOCIALES Y DERECHO,6688,17.31072861395108
Tlaxcala,Licenciatura,ADMINISTRACIÓN Y NEGOCIOS,6137,15.884560631551704
Tlaxcala,Maestría,CIENCIAS SOCIALES Y DERECHO,600,36.03603603603604
Tlaxcala,Maestría,ADMINISTRACIÓN Y NEGOCIOS,351,21.08108108108108
Tlaxcala,Maestría,EDUCACIÓN,306,18.37837837837838
Tlaxcala,Técnico Superior,ADMINISTRACIÓN Y NEGOCIOS,521,42.254663422546635
Tlaxcala,Técnico Superior,"INGENIERÍA, MANUFACTURA Y CONSTRUCCIÓN",506,41.03811841038119
Tlaxcala,Técnico Superior,TECNOLOGÍAS DE LA INFORMACIÓN Y LA COMUNICACIÓN,150,12.165450121654501
Veracruz,Doctorado,EDUCACIÓN,1587,49.02687673772011
Veracruz,Doctorado,ADMINISTRACIÓN Y NEGOCIOS,381,11.770157553290083
Veracruz,Doctorado,CIENCIAS SOCIALES Y DERECHO,378,11.677479147358666
Veracruz,Licenciatura,"INGENIERÍA, MANUFACTURA Y CONSTRUCCIÓN",59705,24.29620164565513
Veracruz,Licenciatura,ADMINISTRACIÓN Y NEGOCIOS,52047,21.179874500484257
Veracruz,Licenciatura,CIENCIAS SOCIALES Y DERECHO,34891,14.198455265363924
Veracruz,Maestría,EDUCACIÓN,4937,41.51879572786141
Veracruz,Maestría,ADMINISTRACIÓN Y NEGOCIOS,2498,21.00748465225801
Veracruz,Maestría,CIENCIAS SOCIALES Y DERECHO,2016,16.953998822638972
Veracruz,Técnico Superior,"INGENIERÍA, MANUFACTURA Y CONSTRUCCIÓN",2554,34.753027622805824
Veracruz,Técnico Superior,SERVICIOS,1610,21.9077425500068
Veracruz,Técnico Superior,ADMINISTRACIÓN Y NEGOCIOS,1383,18.818886923390938
Yucatán,Doctorado,"CIENCIAS NATURALES, MATEMÁTICAS Y ESTADÍSTICA",231,33.38150289017341
Yucatán,Doctorado,EDUCACIÓN,171,24.710982658959537
Yucatán,Doctorado,CIENCIAS SOCIALES Y DERECHO,105,15.173410404624278
Yucatán,Licenciatura,ADMINISTRACIÓN Y NEGOCIOS,17861,21.121530693092723
Yucatán,Licenciatura,"INGENIERÍA, MANUFACTURA Y CONSTRUCCIÓN",14101,16.67514161039698
Yucatán,Licenciatura,CIENCIAS SOCIALES Y DERECHO,13434,15.886380568333669
Yucatán,Maestría,ADMINISTRACIÓN Y NEGOCIOS,749,25.934903047091414
Yucatán,Maestría,EDUCACIÓN,700,24.238227146814403
Yucatán,Maestría,CIENCIAS SOCIALES Y DERECHO,561,19.425207756232687
Yucatán,Técnico Superior,SERVICIOS,1060,25.647229615291558
Yucatán,Técnico Superior,TECNOLOGÍAS DE LA INFORMACIÓN Y LA COMUNICACIÓN,979,23.68739414468909
Yucatán,Técnico Superior,ADMINISTRACIÓN Y NEGOCIOS,870,21.05008468424873
Zacatecas,Doctorado,ARTES Y HUMANIDADES,192,23.88059701492537
Zacatecas,Doctorado,CIENCIAS SOCIALES Y DERECHO,182,22.63681592039801
Zacatecas,Doctorado,EDUCACIÓN,135,16.791044776119403
Zacatecas,Licenciatura,"INGENIERÍA, MANUFACTURA Y CONSTRUCCIÓN",10867,22.935837906289574
Zacatecas,Licenciatura,CIENCIAS DE LA SALUD,9338,19.70873786407767
Zacatecas,Licenciatura,CIENCIAS SOCIALES Y DERECHO,8120,17.13803292528493
Zacatecas,Maestría,EDUCACIÓN,857,25.70485902819436
Zacatecas,Maestría,CIENCIAS SOCIALES Y DERECHO,758,22.735452909418115
Zacatecas,Maestría,ADMINISTRACIÓN Y NEGOCIOS,711,21.32573485302939
Zacatecas,Técnico Superior,"INGENIERÍA, MANUFACTURA Y CONSTRUCCIÓN",431,32.85060975609756
Zacatecas,Técnico Superior,CIENCIAS DE LA SALUD,399,30.41158536585366
Zacatecas,Técnico Superior,ADMINISTRACIÓN Y NEGOCIOS,269,20.503048780487802
