ENTIDAD,Nivel_Agrupado,CAMPO AMPLIO,Egresados Total,Participacion_Egresados
Aguascalientes,Doctorado,EDUCACIÓN,1376,94.5054945054945
Aguascalientes,Doctorado,ADMINISTRACIÓN Y NEGOCIOS,23,1.5796703296703296
Aguascalientes,Doctorado,CIENCIAS SOCIALES Y DERECHO,23,1.5796703296703296
Aguascalientes,Licenciatura,ADMINISTRACIÓN Y NEGOCIOS,3280,27.331055745354554
Aguascalientes,Licenciatura,"INGENIERÍA, MANUFACTURA Y CONSTRUCCIÓN",2396,19.965002916423632
Aguascalientes,Licenciatura,CIENCIAS SOCIALES Y DERECHO,1755,14.623781351554038
Aguascalientes,Maestría,EDUCACIÓN,507,31.74702567313713
Aguascalientes,Maestría,ADMINISTRACIÓN Y NEGOCIOS,451,28.240450845335
Aguascalientes,Maestría,CIENCIAS SOCIALES Y DERECHO,257,16.0926737633062
Aguascalientes,Técnico Superior,ADMINISTRACIÓN Y NEGOCIOS,725,38.23839662447258
Aguascalientes,Técnico Superior,"INGENIERÍA, MANUFACTURA Y CONSTRUCCIÓN",568,29.957805907172997
Aguascalientes,Técnico Superior,TECNOLOGÍAS DE LA INFORMACIÓN Y LA COMUNICACIÓN,251,13.238396624472573
Baja California,Doctorado,EDUCACIÓN,243,46.73076923076923
Baja California,Doctorado,CIENCIAS SOCIALES Y DERECHO,156,30.0
Baja California,Doctorado,"CIENCIAS NATURALES, MATEMÁTICAS Y ESTADÍSTICA",40,7.6923076923076925
Baja California,Licenciatura,ADMINISTRACIÓN Y NEGOCIOS,5576,22.597771023302936
Baja California,Licenciatura,"INGENIERÍA, MANUFACTURA Y CONSTRUCCIÓN",5329,21.596757852077
Baja California,Licenciatura,CIENCIAS SOCIALES Y DERECHO,4973,20.15400202634245
Baja California,Maestría,EDUCACIÓN,815,32.92929292929293
Baja California,Maestría,CIENCIAS SOCIALES Y DERECHO,783,31.636363636363633
Baja California,Maestría,ADMINISTRACIÓN Y NEGOCIOS,440,17.77777777777778
Baja California,Técnico Superior,"INGENIERÍA, MANUFACTURA Y CONSTRUCCIÓN",482,41.69550173010381
Baja California,Técnico Superior,ADMINISTRACIÓN Y NEGOCIOS,400,34.602076124567475
Baja California,Técnico Superior,CIENCIAS DE LA SALUD,109,9.429065743944637
Baja California Sur,Doctorado,"CIENCIAS NATURALES, MATEMÁTICAS Y ESTADÍSTICA",28,41.7910447761194
Baja California Sur,Doctorado,EDUCACIÓN,19,28.35820895522388
Baja California Sur,Doctorado,CIENCIAS SOCIALES Y DERECHO,16,23.88059701492537
Baja California Sur,Licenciatura,ADMINISTRACIÓN Y NEGOCIOS,965,24.76899383983573
Baja California Sur,Licenciatura,CIENCIAS SOCIALES Y DERECHO,752,19.301848049281315
Baja California Sur,Licenciatura,EDUCACIÓN,654,16.786447638603697
Baja California Sur,Maestría,EDUCACIÓN,176,49.02506963788301
Baja California Sur,Maestría,CIENCIAS SOCIALES Y DERECHO,65,18.105849582172702
Baja California Sur,Maestría,ADMINISTRACIÓN Y NEGOCIOS,46,12.813370473537605
Baja California Sur,Técnico Superior,SERVICIOS,160,69.26406926406926
Baja California Sur,Técnico Superior,"INGENIERÍA, MANUFACTURA Y CONSTRUCCIÓN",48,20.77922077922078
Baja California Sur,Técnico Superior,ADMINISTRACIÓN Y NEGOCIOS,23,9.956709956709958
Campeche,Doctorado,ADMINISTRACIÓN Y NEGOCIOS,56,48.69565217391305
Campeche,Doctorado,EDUCACIÓN,38,33.04347826086956
Campeche,Doctorado,CIENCIAS SOCIALES Y DERECHO,10,8.695652173913043
Campeche,Licenciatura,ADMINISTRACIÓN Y NEGOCIOS,1107,20.85138444151441
Campeche,Licenciatura,CIENCIAS SOCIALES Y DERECHO,961,18.10133735166698
Campeche,Licenciatura,"INGENIERÍA, MANUFACTURA Y CONSTRUCCIÓN",939,17.68694669429271
Campeche,Maestría,EDUCACIÓN,1054,32.58114374034003
Campeche,Maestría,CIENCIAS SOCIALES Y DERECHO,718,22.194744976816075
Campeche,Maestría,ADMINISTRACIÓN Y NEGOCIOS,683,21.112828438949
Campeche,Técnico Superior,"INGENIERÍA, MANUFACTURA Y CONSTRUCCIÓN",178,37.953091684434966
Campeche,Técnico Superior,ADMINISTRACIÓN Y NEGOCIOS,100,21.321961620469082
Campeche,Técnico Superior,TECNOLOGÍAS DE LA INFORMACIÓN Y LA COMUNICACIÓN,62,13.219616204690832
Chiapas,Doctorado,EDUCACIÓN,1450,60.492282019190654
Chiapas,Doctorado,ADMINISTRACIÓN Y NEGOCIOS,524,21.860659157279933
Chiapas,Doctorado,CIENCIAS SOCIALES Y DERECHO,276,11.514392991239049
Chiapas,Licenciatura,CIENCIAS SOCIALES Y DERECHO,4852,21.958725561187546
Chiapas,Licenciatura,ADMINISTRACIÓN Y NEGOCIOS,4277,19.356444605358437
Chiapas,Licenciatura,CIENCIAS DE LA SALUD,3508,15.876176683562635
Chiapas,Maestría,EDUCACIÓN,2994,47.80456650167652
Chiapas,Maestría,CIENCIAS SOCIALES Y DERECHO,1925,30.73606897652882
Chiapas,Maestría,ADMINISTRACIÓN Y NEGOCIOS,795,12.693597317579435
Chiapas,Técnico Superior,ADMINISTRACIÓN Y NEGOCIOS,170,23.25581395348837
Chiapas,Técnico Superior,"INGENIERÍA, MANUFACTURA Y CONSTRUCCIÓN",165,22.5718194254446
Chiapas,Técnico Superior,SERVICIOS,158,21.61422708618331
Chihuahua,Doctorado,EDUCACIÓN,94,43.72093023255814
Chihuahua,Doctorado,"CIENCIAS NATURALES, MATEMÁTICAS Y ESTADÍSTICA",28,13.023255813953488
Chihuahua,Doctorado,CIENCIAS SOCIALES Y DERECHO,27,12.558139534883722
Chihuahua,Licenciatura,ADMINISTRACIÓN Y NEGOCIOS,4925,24.789852519253035
Chihuahua,Licenciatura,"INGENIERÍA, MANUFACTURA Y CONSTRUCCIÓN",4777,24.044898575527256
Chihuahua,Licenciatura,CIENCIAS SOCIALES Y DERECHO,3368,16.952735692354153
Chihuahua,Maestría,EDUCACIÓN,1055,41.08255451713396
Chihuahua,Maestría,ADMINISTRACIÓN Y NEGOCIOS,717,27.920560747663554
Chihuahua,Maestría,CIENCIAS SOCIALES Y DERECHO,487,18.96417445482866
Chihuahua,Técnico Superior,"INGENIERÍA, MANUFACTURA Y CONSTRUCCIÓN",898,43.42359767891683
Chihuahua,Técnico Superior,ADMINISTRACIÓN Y NEGOCIOS,672,32.495164410058024
Chihuahua,Técnico Superior,TECNOLOGÍAS DE LA INFORMACIÓN Y LA COMUNICACIÓN,183,8.849129593810446
Ciudad de México,Doctorado,CIENCIAS SOCIALES Y DERECHO,1027,28.543635352973872
Ciudad de México,Doctorado,"CIENCIAS NATURALES, MATEMÁTICAS Y ESTADÍSTICA",582,16.175653140633685
Ciudad de México,Doctorado,ADMINISTRACIÓN Y NEGOCIOS,555,15.425236242356865
Ciudad de México,Licenciatura,CIENCIAS SOCIALES Y DERECHO,31800,26.140782086165938
Ciudad de México,Licenciatura,ADMINISTRACIÓN Y NEGOCIOS,27003,22.19746976958298
Ciudad de México,Licenciatura,CIENCIAS DE LA SALUD,18962,15.58746886534209
Ciudad de México,Maestría,ADMINISTRACIÓN Y NEGOCIOS,14334,39.7239773860991
Ciudad de México,Maestría,EDUCACIÓN,6578,18.22968628755127
Ciudad de México,Maestría,CIENCIAS SOCIALES Y DERECHO,6564,18.19088792816761
Ciudad de México,Técnico Superior,CIENCIAS DE LA SALUD,159,71.62162162162163
Ciudad de México,Técnico Superior,ADMINISTRACIÓN Y NEGOCIOS,13,5.8558558558558556
Ciudad de México,Técnico Superior,ARTES Y HUMANIDADES,11,4.954954954954955
Coahuila,Doctorado,EDUCACIÓN,177,63.66906474820144
Coahuila,Doctorado,"INGENIERÍA, MANUFACTURA Y CONSTRUCCIÓN",44,15.827338129496402
Coahuila,Doctorado,AGRONOMÍA Y VETERINARIA,21,7.553956834532374
Coahuila,Licenciatura,"INGENIERÍA, MANUFACTURA Y CONSTRUCCIÓN",7302,31.27060939574322
Coahuila,Licenciatura,ADMINISTRACIÓN Y NEGOCIOS,6082,26.045993747591112
Coahuila,Licenciatura,CIENCIAS SOCIALES Y DERECHO,3231,13.836666523917604
Coahuila,Maestría,EDUCACIÓN,791,33.02713987473904
Coahuila,Maestría,ADMINISTRACIÓN Y NEGOCIOS,650,27.139874739039666
Coahuila,Maestría,CIENCIAS SOCIALES Y DERECHO,360,15.031315240083506
Coahuila,Técnico Superior,"INGENIERÍA, MANUFACTURA Y CONSTRUCCIÓN",1990,64.23499031633312
Coahuila,Técnico Superior,ADMINISTRACIÓN Y NEGOCIOS,565,18.237572627501613
Coahuila,Técnico Superior,TECNOLOGÍAS DE LA INFORMACIÓN Y LA COMUNICACIÓN,227,7.327307940606843
Colima,Doctorado,EDUCACIÓN,72,52.55474452554745
Colima,Doctorado,ADMINISTRACIÓN Y NEGOCIOS,20,14.5985401459854
Colima,Doctorado,CIENCIAS SOCIALES Y DERECHO,20,14.5985401459854
Colima,Licenciatura,ADMINISTRACIÓN Y NEGOCIOS,2038,35.69176882661996
Colima,Licenciatura,CIENCIAS SOCIALES Y DERECHO,1028,18.003502626970228
Colima,Licenciatura,EDUCACIÓN,685,11.996497373029772
Colima,Maestría,EDUCACIÓN,575,55.71705426356589
Colima,Maestría,ADMINISTRACIÓN Y NEGOCIOS,167,16.18217054263566
Colima,Maestría,CIENCIAS SOCIALES Y DERECHO,146,14.147286821705427
Colima,Técnico Superior,ADMINISTRACIÓN Y NEGOCIOS,129,53.52697095435685
Colima,Técnico Superior,"INGENIERÍA, MANUFACTURA Y CONSTRUCCIÓN",51,21.16182572614108
Colima,Técnico Superior,SERVICIOS,35,14.522821576763487
Durango,Doctorado,EDUCACIÓN,635,92.83625730994152
Durango,Doctorado,TECNOLOGÍAS DE LA INFORMACIÓN Y LA COMUNICACIÓN,19,2.7777777777777777
Durango,Doctorado,"CIENCIAS NATURALES, MATEMÁTICAS Y ESTADÍSTICA",17,2.4853801169590644
Durango,Licenciatura,"INGENIERÍA, MANUFACTURA Y CONSTRUCCIÓN",2278,21.313622754491018
Durango,Licenciatura,ADMINISTRACIÓN Y NEGOCIOS,2085,19.507859281437128
Durango,Licenciatura,CIENCIAS SOCIALES Y DERECHO,1776,16.61676646706587
Durango,Maestría,EDUCACIÓN,973,58.333333333333336
Durango,Maestría,ADMINISTRACIÓN Y NEGOCIOS,182,10.911270983213429
Durango,Maestría,CIENCIAS DE LA SALUD,173,10.371702637889687
Durango,Técnico Superior,ADMINISTRACIÓN Y NEGOCIOS,697,66.69856459330144
Durango,Técnico Superior,"INGENIERÍA, MANUFACTURA Y CONSTRUCCIÓN",148,14.162679425837322
Durango,Técnico Superior,ARTES Y HUMANIDADES,78,7.464114832535886
Guanajuato,Doctorado,EDUCACIÓN,321,53.85906040268457
Guanajuato,Doctorado,"CIENCIAS NATURALES, MATEMÁTICAS Y ESTADÍSTICA",77,12.919463087248323
Guanajuato,Doctorado,ADMINISTRACIÓN Y NEGOCIOS,63,10.570469798657719
Guanajuato,Licenciatura,"INGENIERÍA, MANUFACTURA Y CONSTRUCCIÓN",8711,26.615539735402855
Guanajuato,Licenciatura,ADMINISTRACIÓN Y NEGOCIOS,7931,24.23233218246815
Guanajuato,Licenciatura,CIENCIAS SOCIALES Y DERECHO,4834,14.76977603959791
Guanajuato,Maestría,ADMINISTRACIÓN Y NEGOCIOS,1713,36.688798457913904
Guanajuato,Maestría,EDUCACIÓN,1497,32.06254015849218
Guanajuato,Maestría,CIENCIAS SOCIALES Y DERECHO,789,16.898693510387663
Guanajuato,Técnico Superior,ADMINISTRACIÓN Y NEGOCIOS,904,30.990743914981145
Guanajuato,Técnico Superior,"INGENIERÍA, MANUFACTURA Y CONSTRUCCIÓN",880,30.167980802194034
Guanajuato,Técnico Superior,TECNOLOGÍAS DE LA INFORMACIÓN Y LA COMUNICACIÓN,402,13.781282139184093
Guerrero,Doctorado,EDUCACIÓN,155,73.11320754716981
Guerrero,Doctorado,CIENCIAS SOCIALES Y DERECHO,29,13.679245283018867
Guerrero,Doctorado,"CIENCIAS NATURALES, MATEMÁTICAS Y ESTADÍSTICA",13,6.132075471698113
Guerrero,Licenciatura,ADMINISTRACIÓN Y NEGOCIOS,3093,21.39892071398921
Guerrero,Licenciatura,CIENCIAS SOCIALES Y DERECHO,2833,19.600110696001106
Guerrero,Licenciatura,CIENCIAS DE LA SALUD,2599,17.981181679811815
Guerrero,Maestría,EDUCACIÓN,702,48.01641586867305
Guerrero,Maestría,CIENCIAS SOCIALES Y DERECHO,296,20.24623803009576
Guerrero,Maestría,ADMINISTRACIÓN Y NEGOCIOS,244,16.689466484268127
Guerrero,Técnico Superior,"INGENIERÍA, MANUFACTURA Y CONSTRUCCIÓN",355,27.97478329393223
Guerrero,Técnico Superior,SERVICIOS,320,25.216706067769895
Guerrero,Técnico Superior,ADMINISTRACIÓN Y NEGOCIOS,295,23.246650906225376
Hidalgo,Doctorado,EDUCACIÓN,67,36.41304347826087
Hidalgo,Doctorado,"CIENCIAS NATURALES, MATEMÁTICAS Y ESTADÍSTICA",34,18.478260869565215
Hidalgo,Doctorado,ADMINISTRACIÓN Y NEGOCIOS,25,13.586956521739129
Hidalgo,Licenciatura,"INGENIERÍA, MANUFACTURA Y CONSTRUCCIÓN",4430,22.933167676140187
Hidalgo,Licenciatura,ADMINISTRACIÓN Y NEGOCIOS,3832,19.83744887922555
Hidalgo,Licenciatura,CIENCIAS SOCIALES Y DERECHO,2824,14.619247295128643
Hidalgo,Maestría,EDUCACIÓN,897,48.4341252699784
Hidalgo,Maestría,ADMINISTRACIÓN Y NEGOCIOS,415,22.408207343412524
Hidalgo,Maestría,CIENCIAS SOCIALES Y DERECHO,304,16.414686825053995
Hidalgo,Técnico Superior,ADMINISTRACIÓN Y NEGOCIOS,1280,33.99734395750332
Hidalgo,Técnico Superior,"INGENIERÍA, MANUFACTURA Y CONSTRUCCIÓN",1219,32.377158034528556
Hidalgo,Técnico Superior,SERVICIOS,476,12.642762284196547
Jalisco,Doctorado,EDUCACIÓN,680,59.859154929577464
Jalisco,Doctorado,CIENCIAS SOCIALES Y DERECHO,149,13.11619718309859
Jalisco,Doctorado,"CIENCIAS NATURALES, MATEMÁTICAS Y ESTADÍSTICA",83,7.306338028169014
Jalisco,Licenciatura,ADMINISTRACIÓN Y NEGOCIOS,12715,24.328875112412224
Jalisco,Licenciatura,CIENCIAS DE LA SALUD,9812,18.774276256625146
Jalisco,Licenciatura,CIENCIAS SOCIALES Y DERECHO,7828,14.978091575301839
Jalisco,Maestría,EDUCACIÓN,2847,39.52519783423574
Jalisco,Maestría,ADMINISTRACIÓN Y NEGOCIOS,1764,24.489795918367346
Jalisco,Maestría,CIENCIAS SOCIALES Y DERECHO,1587,22.032486463973346
Jalisco,Técnico Superior,CIENCIAS DE LA SALUD,919,43.28780028261894
Jalisco,Técnico Superior,"INGENIERÍA, MANUFACTURA Y CONSTRUCCIÓN",523,24.634950541686294
Jalisco,Técnico Superior,ADMINISTRACIÓN Y NEGOCIOS,258,12.152614225153085
Michoacán,Doctorado,CIENCIAS DE LA SALUD,720,50.70422535211267
Michoacán,Doctorado,EDUCACIÓN,278,19.577464788732392
Michoacán,Doctorado,"CIENCIAS NATURALES, MATEMÁTICAS Y ESTADÍSTICA",125,8.80281690140845
Michoacán,Licenciatura,EDUCACIÓN,3793,17.89910811193431
Michoacán,Licenciatura,CIENCIAS DE LA SALUD,3660,17.27148317682035
Michoacán,Licenciatura,"INGENIERÍA, MANUFACTURA Y CONSTRUCCIÓN",3526,16.639139257231843
Michoacán,Maestría,CIENCIAS DE LA SALUD,1105,26.271992391821207
Michoacán,Maestría,EDUCACIÓN,1053,25.035663338088444
Michoacán,Maestría,CIENCIAS SOCIALES Y DERECHO,838,19.923918212077986
Michoacán,Técnico Superior,SERVICIOS,316,47.23467862481316
Michoacán,Técnico Superior,TECNOLOGÍAS DE LA INFORMACIÓN Y LA COMUNICACIÓN,89,13.303437967115098
Michoacán,Técnico Superior,"INGENIERÍA, MANUFACTURA Y CONSTRUCCIÓN",84,12.556053811659194
Morelos,Doctorado,EDUCACIÓN,130,29.411764705882355
Morelos,Doctorado,"CIENCIAS NATURALES, MATEMÁTICAS Y ESTADÍSTICA",85,19.230769230769234
Morelos,Doctorado,"INGENIERÍA, MANUFACTURA Y CONSTRUCCIÓN",62,14.027149321266968
Morelos,Licenciatura,ADMINISTRACIÓN Y NEGOCIOS,2814,21.404122613524
Morelos,Licenciatura,CIENCIAS SOCIALES Y DERECHO,2689,20.45333536167947
Morelos,Licenciatura,"INGENIERÍA, MANUFACTURA Y CONSTRUCCIÓN",2462,18.726705712329807
Morelos,Maestría,EDUCACIÓN,638,31.55291790306627
Morelos,Maestría,CIENCIAS SOCIALES Y DERECHO,528,26.112759643916917
Morelos,Maestría,ADMINISTRACIÓN Y NEGOCIOS,371,18.348170128585558
Morelos,Técnico Superior,ADMINISTRACIÓN Y NEGOCIOS,247,23.84169884169884
Morelos,Técnico Superior,"INGENIERÍA, MANUFACTURA Y CONSTRUCCIÓN",225,21.71814671814672
Morelos,Técnico Superior,ARTES Y HUMANIDADES,191,18.436293436293436
México,Doctorado,EDUCACIÓN,2754,82.97680024103646
México,Doctorado,CIENCIAS SOCIALES Y DERECHO,222,6.688761675203375
México,Doctorado,AGRONOMÍA Y VETERINARIA,70,2.1090689966857488
México,Licenciatura,CIENCIAS SOCIALES Y DERECHO,20874,22.271539077087223
México,Licenciatura,ADMINISTRACIÓN Y NEGOCIOS,18598,19.84315817551347
México,Licenciatura,"INGENIERÍA, MANUFACTURA Y CONSTRUCCIÓN",14066,15.007735396105629
México,Maestría,EDUCACIÓN,3836,34.88224061107575
México,Maestría,ADMINISTRACIÓN Y NEGOCIOS,3728,33.90015458761481
México,Maestría,CIENCIAS SOCIALES Y DERECHO,2089,18.99608984268437
México,Técnico Superior,SERVICIOS,1493,26.589492430988425
México,Técnico Superior,ADMINISTRACIÓN Y NEGOCIOS,1477,26.30454140694568
México,Técnico Superior,"INGENIERÍA, MANUFACTURA Y CONSTRUCCIÓN",1036,18.450578806767588
Nayarit,Doctorado,EDUCACIÓN,309,69.28251121076234
Nayarit,Doctorado,CIENCIAS SOCIALES Y DERECHO,119,26.681614349775785
Nayarit,Doctorado,AGRONOMÍA Y VETERINARIA,9,2.0179372197309418
Nayarit,Licenciatura,CIENCIAS DE LA SALUD,2449,26.903218719103595
Nayarit,Licenciatura,ADMINISTRACIÓN Y NEGOCIOS,1672,18.367571130396573
Nayarit,Licenciatura,CIENCIAS SOCIALES Y DERECHO,1620,17.796330879929695
Nayarit,Maestría,EDUCACIÓN,492,54.54545454545454
Nayarit,Maestría,CIENCIAS SOCIALES Y DERECHO,197,21.840354767184035
Nayarit,Maestría,CIENCIAS DE LA SALUD,85,9.42350332594235
Nayarit,Técnico Superior,SERVICIOS,673,44.45178335535007
Nayarit,Técnico Superior,ADMINISTRACIÓN Y NEGOCIOS,361,23.8441215323646
Nayarit,Técnico Superior,"INGENIERÍA, MANUFACTURA Y CONSTRUCCIÓN",232,15.323645970937912
Nuevo León,Doctorado,EDUCACIÓN,260,33.16326530612245
Nuevo León,Doctorado,CIENCIAS SOCIALES Y DERECHO,182,23.214285714285715
Nuevo León,Doctorado,ADMINISTRACIÓN Y NEGOCIOS,117,14.923469387755103
Nuevo León,Licenciatura,ADMINISTRACIÓN Y NEGOCIOS,14646,30.41997258339218
Nuevo León,Licenciatura,"INGENIERÍA, MANUFACTURA Y CONSTRUCCIÓN",9052,18.80114651269057
Nuevo León,Licenciatura,CIENCIAS SOCIALES Y DERECHO,7931,16.47281186391393
Nuevo León,Maestría,ADMINISTRACIÓN Y NEGOCIOS,3396,47.31782081649714
Nuevo León,Maestría,EDUCACIÓN,1636,22.795039710185314
Nuevo León,Maestría,CIENCIAS SOCIALES Y DERECHO,1142,15.911940922390972
Nuevo León,Técnico Superior,"INGENIERÍA, MANUFACTURA Y CONSTRUCCIÓN",1079,43.47300564061241
Nuevo León,Técnico Superior,ADMINISTRACIÓN Y NEGOCIOS,676,27.23609991941982
Nuevo León,Técnico Superior,TECNOLOGÍAS DE LA INFORMACIÓN Y LA COMUNICACIÓN,416,16.76067687348912
Oaxaca,Doctorado,EDUCACIÓN,60,42.25352112676056
Oaxaca,Doctorado,ADMINISTRACIÓN Y NEGOCIOS,36,25.352112676056336
Oaxaca,Doctorado,"CIENCIAS NATURALES, MATEMÁTICAS Y ESTADÍSTICA",21,14.788732394366196
Oaxaca,Licenciatura,CIENCIAS DE LA SALUD,2682,20.091392613678927
Oaxaca,Licenciatura,ADMINISTRACIÓN Y NEGOCIOS,2678,20.061427822308787
Oaxaca,Licenciatura,EDUCACIÓN,2473,18.525732264589106
Oaxaca,Maestría,EDUCACIÓN,289,33.449074074074076
Oaxaca,Maestría,CIENCIAS SOCIALES Y DERECHO,195,22.569444444444446
Oaxaca,Maestría,ADMINISTRACIÓN Y NEGOCIOS,140,16.203703703703702
Oaxaca,Técnico Superior,SERVICIOS,99,26.82926829268293
Oaxaca,Técnico Superior,ADMINISTRACIÓN Y NEGOCIOS,92,24.932249322493224
Oaxaca,Técnico Superior,ARTES Y HUMANIDADES,54,14.634146341463413
Puebla,Doctorado,EDUCACIÓN,577,42.05539358600583
Puebla,Doctorado,ADMINISTRACIÓN Y NEGOCIOS,508,37.02623906705539
Puebla,Doctorado,CIENCIAS SOCIALES Y DERECHO,134,9.7667638483965
Puebla,Licenciatura,ADMINISTRACIÓN Y NEGOCIOS,6732,17.32863136760277
Puebla,Licenciatura,"INGENIERÍA, MANUFACTURA Y CONSTRUCCIÓN",6619,17.03776158974491
Puebla,Licenciatura,CIENCIAS SOCIALES Y DERECHO,6312,16.247522458750545
Puebla,Maestría,ADMINISTRACIÓN Y NEGOCIOS,4048,39.20581113801453
Puebla,Maestría,EDUCACIÓN,2626,25.433414043583536
Puebla,Maestría,CIENCIAS SOCIALES Y DERECHO,1542,14.934624697336563
Puebla,Técnico Superior,"INGENIERÍA, MANUFACTURA Y CONSTRUCCIÓN",1992,45.56267154620311
Puebla,Técnico Superior,ADMINISTRACIÓN Y NEGOCIOS,972,22.2323879231473
Puebla,Técnico Superior,TECNOLOGÍAS DE LA INFORMACIÓN Y LA COMUNICACIÓN,542,12.397072278133578
Querétaro,Doctorado,EDUCACIÓN,57,25.791855203619914
Querétaro,Doctorado,"INGENIERÍA, MANUFACTURA Y CONSTRUCCIÓN",44,19.90950226244344
Querétaro,Doctorado,"CIENCIAS NATURALES, MATEMÁTICAS Y ESTADÍSTICA",42,19.004524886877828
Querétaro,Licenciatura,"INGENIERÍA, MANUFACTURA Y CONSTRUCCIÓN",4854,25.71655629139073
Querétaro,Licenciatura,ADMINISTRACIÓN Y NEGOCIOS,4278,22.664900662251654
Querétaro,Licenciatura,CIENCIAS SOCIALES Y DERECHO,2833,15.009271523178807
Querétaro,Maestría,EDUCACIÓN,589,29.597989949748744
Querétaro,Maestría,ADMINISTRACIÓN Y NEGOCIOS,511,25.678391959798997
Querétaro,Maestría,CIENCIAS SOCIALES Y DERECHO,486,24.42211055276382
Querétaro,Técnico Superior,"INGENIERÍA, MANUFACTURA Y CONSTRUCCIÓN",1431,42.48812351543943
Querétaro,Técnico Superior,ADMINISTRACIÓN Y NEGOCIOS,938,27.850356294536816
Querétaro,Técnico Superior,TECNOLOGÍAS DE LA INFORMACIÓN Y LA COMUNICACIÓN,532,15.795724465558195
Quintana Roo,Doctorado,EDUCACIÓN,293,59.1919191919192
Quintana Roo,Doctorado,CIENCIAS SOCIALES Y DERECHO,87,17.575757575757574
Quintana Roo,Doctorado,ADMINISTRACIÓN Y NEGOCIOS,49,9.8989898989899
Quintana Roo,Licenciatura,ADMINISTRACIÓN Y NEGOCIOS,3264,35.67993003935286
Quintana Roo,Licenciatura,CIENCIAS SOCIALES Y DERECHO,1599,17.479230432881504
Quintana Roo,Licenciatura,EDUCACIÓN,942,10.297332750327941
Quintana Roo,Maestría,ADMINISTRACIÓN Y NEGOCIOS,267,37.65867418899859
Quintana Roo,Maestría,EDUCACIÓN,190,26.79830747531735
Quintana Roo,Maestría,CIENCIAS SOCIALES Y DERECHO,116,16.361071932299012
Quintana Roo,Técnico Superior,ADMINISTRACIÓN Y NEGOCIOS,423,40.24738344433872
Quintana Roo,Técnico Superior,SERVICIOS,326,31.018078020932442
Quintana Roo,Técnico Superior,TECNOLOGÍAS DE LA INFORMACIÓN Y LA COMUNICACIÓN,172,16.365366317792578
San Luis Potosí,Doctorado,EDUCACIÓN,139,51.291512915129154
San Luis Potosí,Doctorado,"CIENCIAS NATURALES, MATEMÁTICAS Y ESTADÍSTICA",54,19.92619926199262
San Luis Potosí,Doctorado,"INGENIERÍA, MANUFACTURA Y CONSTRUCCIÓN",24,8.856088560885608
San Luis Potosí,Licenciatura,"INGENIERÍA, MANUFACTURA Y CONSTRUCCIÓN",4043,27.227422722068827
San Luis Potosí,Licenciatura,ADMINISTRACIÓN Y NEGOCIOS,3274,22.04862280288235
San Luis Potosí,Licenciatura,EDUCACIÓN,2169,14.60704424540373
San Luis Potosí,Maestría,ADMINISTRACIÓN Y NEGOCIOS,434,36.87340696686491
San Luis Potosí,Maestría,EDUCACIÓN,361,30.671197960917585
San Luis Potosí,Maestría,CIENCIAS SOCIALES Y DERECHO,168,14.273576890399319
San Luis Potosí,Técnico Superior,"INGENIERÍA, MANUFACTURA Y CONSTRUCCIÓN",429,58.44686648501363
San Luis Potosí,Técnico Superior,ADMINISTRACIÓN Y NEGOCIOS,201,27.384196185286104
San Luis Potosí,Técnico Superior,ARTES Y HUMANIDADES,42,5.722070844686648
Sinaloa,Doctorado,EDUCACIÓN,417,59.91379310344828
Sinaloa,Doctorado,CIENCIAS SOCIALES Y DERECHO,138,19.82758620689655
Sinaloa,Doctorado,ADMINISTRACIÓN Y NEGOCIOS,33,4.741379310344827
Sinaloa,Licenciatura,CIENCIAS DE LA SALUD,5723,24.20999196243496
Sinaloa,Licenciatura,ADMINISTRACIÓN Y NEGOCIOS,4805,20.326578958500782
Sinaloa,Licenciatura,CIENCIAS SOCIALES Y DERECHO,3763,15.918609078218198
Sinaloa,Maestría,EDUCACIÓN,790,36.28847037207166
Sinaloa,Maestría,CIENCIAS SOCIALES Y DERECHO,605,27.790537436839685
Sinaloa,Maestría,ADMINISTRACIÓN Y NEGOCIOS,462,21.221864951768488
Sinaloa,Técnico Superior,AGRONOMÍA Y VETERINARIA,155,35.22727272727273
Sinaloa,Técnico Superior,CIENCIAS DE LA SALUD,95,21.59090909090909
Sinaloa,Técnico Superior,"INGENIERÍA, MANUFACTURA Y CONSTRUCCIÓN",78,17.727272727272727
Sonora,Doctorado,EDUCACIÓN,487,73.67624810892586
Sonora,Doctorado,"CIENCIAS NATURALES, MATEMÁTICAS Y ESTADÍSTICA",75,11.346444780635402
Sonora,Doctorado,ADMINISTRACIÓN Y NEGOCIOS,53,8.018154311649017
Sonora,Licenciatura,"INGENIERÍA, MANUFACTURA Y CONSTRUCCIÓN",4381,25.86186540731995
Sonora,Licenciatura,ADMINISTRACIÓN Y NEGOCIOS,3624,21.393152302243212
Sonora,Licenciatura,CIENCIAS DE LA SALUD,2518,14.864226682408502
Sonora,Maestría,EDUCACIÓN,968,42.75618374558304
Sonora,Maestría,ADMINISTRACIÓN Y NEGOCIOS,753,33.25971731448763
Sonora,Maestría,CIENCIAS SOCIALES Y DERECHO,266,11.749116607773852
Sonora,Técnico Superior,"INGENIERÍA, MANUFACTURA Y CONSTRUCCIÓN",827,44.012772751463544
Sonora,Técnico Superior,ADMINISTRACIÓN Y NEGOCIOS,507,26.982437466737625
Sonora,Técnico Superior,CIENCIAS DE LA SALUD,198,10.537519957424161
Tabasco,Doctorado,EDUCACIÓN,88,33.84615384615385
Tabasco,Doctorado,ADMINISTRACIÓN Y NEGOCIOS,74,28.46153846153846
Tabasco,Doctorado,CIENCIAS SOCIALES Y DERECHO,59,22.692307692307693
Tabasco,Licenciatura,"INGENIERÍA, MANUFACTURA Y CONSTRUCCIÓN",3546,21.955296885641758
Tabasco,Licenciatura,CIENCIAS DE LA SALUD,2951,18.27131446969228
Tabasco,Licenciatura,ADMINISTRACIÓN Y NEGOCIOS,2927,18.122716859637176
Tabasco,Maestría,EDUCACIÓN,469,35.34287867370007
Tabasco,Maestría,CIENCIAS SOCIALES Y DERECHO,400,30.143180105501134
Tabasco,Maestría,ADMINISTRACIÓN Y NEGOCIOS,269,20.27128862094951
Tabasco,Técnico Superior,SERVICIOS,329,40.024330900243314
Tabasco,Técnico Superior,ADMINISTRACIÓN Y NEGOCIOS,183,22.26277372262774
Tabasco,Técnico Superior,"INGENIERÍA, MANUFACTURA Y CONSTRUCCIÓN",142,17.27493917274939
Tamaulipas,Doctorado,EDUCACIÓN,138,70.05076142131979
Tamaulipas,Doctorado,ADMINISTRACIÓN Y NEGOCIOS,12,6.091370558375635
Tamaulipas,Doctorado,"INGENIERÍA, MANUFACTURA Y CONSTRUCCIÓN",12,6.091370558375635
Tamaulipas,Licenciatura,CIENCIAS DE LA SALUD,6882,25.68485481824289
Tamaulipas,Licenciatura,ADMINISTRACIÓN Y NEGOCIOS,6499,24.255430320220945
Tamaulipas,Licenciatura,"INGENIERÍA, MANUFACTURA Y CONSTRUCCIÓN",6000,22.393073076061803
Tamaulipas,Maestría,EDUCACIÓN,636,30.979055041402827
Tamaulipas,Maestría,ADMINISTRACIÓN Y NEGOCIOS,582,28.348757915245983
Tamaulipas,Maestría,CIENCIAS DE LA SALUD,397,19.337554797856797
Tamaulipas,Técnico Superior,"INGENIERÍA, MANUFACTURA Y CONSTRUCCIÓN",1159,47.0182555780933
Tamaulipas,Técnico Superior,ADMINISTRACIÓN Y NEGOCIOS,1041,42.23123732251521
Tamaulipas,Técnico Superior,TECNOLOGÍAS DE LA INFORMACIÓN Y LA COMUNICACIÓN,107,4.340770791075051
Tlaxcala,Doctorado,EDUCACIÓN,29,39.726027397260275
Tlaxcala,Doctorado,CIENCIAS SOCIALES Y DERECHO,21,28.767123287671232
Tlaxcala,Doctorado,"CIENCIAS NATURALES, MATEMÁTICAS Y ESTADÍSTICA",14,19.17808219178082
Tlaxcala,Licenciatura,"INGENIERÍA, MANUFACTURA Y CONSTRUCCIÓN",1574,23.51710742566861
Tlaxcala,Licenciatura,CIENCIAS SOCIALES Y DERECHO,1224,18.28776333482743
Tlaxcala,Licenciatura,ADMINISTRACIÓN Y NEGOCIOS,1181,17.6453010608098
Tlaxcala,Maestría,CIENCIAS SOCIALES Y DERECHO,203,34.40677966101695
Tlaxcala,Maestría,EDUCACIÓN,201,34.067796610169495
Tlaxcala,Maestría,ADMINISTRACIÓN Y NEGOCIOS,71,12.033898305084746
Tlaxcala,Técnico Superior,ADMINISTRACIÓN Y NEGOCIOS,243,45.93572778827977
Tlaxcala,Técnico Superior,"INGENIERÍA, MANUFACTURA Y CONSTRUCCIÓN",140,26.46502835538752
Tlaxcala,Técnico Superior,TECNOLOGÍAS DE LA INFORMACIÓN Y LA COMUNICACIÓN,92,17.391304347826086
Veracruz,Doctorado,EDUCACIÓN,820,69.66864910790144
Veracruz,Doctorado,ADMINISTRACIÓN Y NEGOCIOS,173,14.69838572642311
Veracruz,Doctorado,CIENCIAS SOCIALES Y DERECHO,60,5.097706032285472
Veracruz,Licenciatura,"INGENIERÍA, MANUFACTURA Y CONSTRUCCIÓN",9412,24.32292743436014
Veracruz,Licenciatura,ADMINISTRACIÓN Y NEGOCIOS,8982,23.211701467851974
Veracruz,Licenciatura,EDUCACIÓN,6094,15.748397767211081
Veracruz,Maestría,EDUCACIÓN,2006,41.335256542344936
Veracruz,Maestría,ADMINISTRACIÓN Y NEGOCIOS,1110,22.872450030908716
Veracruz,Maestría,CIENCIAS SOCIALES Y DERECHO,860,17.720997321244592
Veracruz,Técnico Superior,"INGENIERÍA, MANUFACTURA Y CONSTRUCCIÓN",807,35.02604166666667
Veracruz,Técnico Superior,SERVICIOS,444,19.270833333333336
Veracruz,Técnico Superior,ADMINISTRACIÓN Y NEGOCIOS,405,17.578125
Yucatán,Doctorado,EDUCACIÓN,68,41.21212121212121
Yucatán,Doctorado,"CIENCIAS NATURALES, MATEMÁTICAS Y ESTADÍSTICA",64,38.78787878787879
Yucatán,Doctorado,CIENCIAS SOCIALES Y DERECHO,19,11.515151515151516
Yucatán,Licenciatura,ADMINISTRACIÓN Y NEGOCIOS,3606,22.737877545873005
Yucatán,Licenciatura,CIENCIAS DE LA SALUD,3077,19.402232171007
Yucatán,Licenciatura,CIENCIAS SOCIALES Y DERECHO,2736,17.252033545620783
Yucatán,Maestría,EDUCACIÓN,400,32.05128205128205
Yucatán,Maestría,CIENCIAS SOCIALES Y DERECHO,322,25.801282051282055
Yucatán,Maestría,ADMINISTRACIÓN Y NEGOCIOS,269,21.554487179487182
Yucatán,Técnico Superior,SERVICIOS,443,31.00069979006298
Yucatán,Técnico Superior,ADMINISTRACIÓN Y NEGOCIOS,303,21.203638908327502
Yucatán,Técnico Superior,TECNOLOGÍAS DE LA INFORMACIÓN Y LA COMUNICACIÓN,237,16.585024492652202
Zacatecas,Doctorado,CIENCIAS SOCIALES Y DERECHO,70,37.634408602150536
Zacatecas,Doctorado,ARTES Y HUMANIDADES,48,25.806451612903224
Zacatecas,Doctorado,EDUCACIÓN,34,18.27956989247312
Zacatecas,Licenciatura,"INGENIERÍA, MANUFACTURA Y CONSTRUCCIÓN",2363,21.111408916286965
Zacatecas,Licenciatura,CIENCIAS SOCIALES Y DERECHO,2186,19.530063432502455
Zacatecas,Licenciatura,CIENCIAS DE LA SALUD,1901,16.98382917895113
Zacatecas,Maestría,EDUCACIÓN,306,27.86885245901639
Zacatecas,Maestría,ADMINISTRACIÓN Y NEGOCIOS,272,24.772313296903462
Zacatecas,Maestría,CIENCIAS SOCIALES Y DERECHO,258,23.497267759562842
Zacatecas,Técnico Superior,"INGENIERÍA, MANUFACTURA Y CONSTRUCCIÓN",209,48.49187935034803
Zacatecas,Técnico Superior,CIENCIAS DE LA SALUD,127,29.466357308584683
Zacatecas,Técnico Superior,ADMINISTRACIÓN Y NEGOCIOS,55,12.761020881670534
